title_id,episode,like_count,star,star_participants,comment_count,best_comment_likes
801035,1,8421.0,9.78,9925.0,1213.0,"[11146, 10789, 5758, 3778, 3521, 2291, 1134, 768, 510, 495, 363, 342, 188, 181, 132]"
801035,2,6708.0,9.86,8020.0,569.0,"[7982, 7088, 4885, 3612, 3402, 1262, 1056, 794, 665, 461, 419, 341, 138]"
801035,3,5868.0,9.89,6989.0,573.0,"[7093, 4018, 3230, 2059, 1239, 1108, 795, 447, 280, 141]"
801035,4,5422.0,9.88,6545.0,552.0,"[6564, 3578, 2999, 2805, 1209, 922, 859, 656, 372, 291, 123, 117, 95, 42]"
801035,5,5186.0,9.89,6269.0,465.0,"[2589, 2423, 1474, 1272, 1049, 854, 437, 134, 117, 104, 80, 27]"
803216,1,68.0,8.28,155.0,87.0,[26]
803216,2,42.0,9.06,117.0,97.0,[17]
803216,3,31.0,9.39,82.0,88.0,"[0, 0, 0, 0, 0, 0, 0, 0, 0, 0, 0, 0, 0, 0, 0]"
803216,4,25.0,9.19,74.0,71.0,"[0, 0, 0, 0, 0, 0, 0, 0, 0, 0, 0, 0, 0, 0, 0]"
803216,5,21.0,9.4,67.0,56.0,"[0, 0, 0, 0, 0, 0, 0, 0, 0, 0, 0, 0, 0, 0, 0]"
826663,1,18.0,8.97,34.0,5.0,"[0, 1, 0, 0, 2]"
826663,2,10.0,8.25,32.0,2.0,"[0, 0]"
826663,3,10.0,9.08,24.0,1.0,[0]
826663,4,7.0,9.05,21.0,5.0,"[0, 0, 0, 0, 1]"
826663,5,6.0,8.71,21.0,1.0,[0]
62251,1,58.0,8.99,1921.0,1096.0,"[222, 97, 61, 51, 35, 34]"
62251,2,44.0,8.97,2002.0,1209.0,"[182, 107, 50, 40, 10]"
62251,3,41.0,9.25,1794.0,830.0,"[109, 61]"
62251,4,38.0,9.28,1488.0,608.0,[39]
62251,5,40.0,9.4,1474.0,542.0,"[39, 31, 25]"
682803,1,33463.0,9.95,49289.0,8671.0,"[48370, 30022, 25367, 25121, 24120, 16054, 12942, 8996, 8188, 7988, 7122, 6440, 5980, 5397, 98]"
682803,2,23357.0,9.86,34060.0,7223.0,"[36826, 35494, 29724, 22772, 15434, 10432, 7804, 5881, 5699, 4981, 4844, 4688, 4228, 3945, 2734]"
682803,3,19040.0,9.84,28444.0,3763.0,"[30891, 27572, 17114, 15144, 12965, 9806, 7694, 6910, 6412, 5782, 3955, 3599, 3122, 3048, 203]"
682803,4,17618.0,9.37,29444.0,6567.0,"[41087, 26568, 23899, 13401, 11079, 10957, 8194, 5574, 4222, 3891, 2431, 2054, 1761, 1561, 1392]"
682803,5,18115.0,9.84,30262.0,6930.0,"[43915, 35563, 22768, 16843, 13011, 11418, 10531, 9197, 9116, 8293, 6739, 5651, 5624, 5236, 4387]"
517661,1,14.0,8.87,3259.0,937.0,"[0, 0, 1, 0, 0, 0, 0, 0, 1, 1, 3, 2, 31, 6, 1]"
517661,2,15.0,8.95,1892.0,759.0,[14]
517661,3,13.0,9.26,1399.0,385.0,"[2, 6, 6, 6, 6, 8, 4, 5, 6, 29, 6, 4, 1, 3, 1]"
517661,4,12.0,9.41,1187.0,402.0,[12]
517661,5,13.0,9.38,1041.0,355.0,"[0, 1, 1, 1, 7, 11, 11, 6, 7, 16, 4, 4, 12, 3, 4]"
247228,1,1.0,9.05,1698.0,1201.0,"[0, 0, 0, 0, 0, 0, 1, 0, 0, 0, 0, 0, 0, 0, 0]"
247228,2,0.0,9.06,1068.0,534.0,"[0, 0, 0, 3, 0, 0, 0, 0, 0, 0, 0, 0, 0, 0, 0]"
247228,3,0.0,9.15,890.0,472.0,"[0, 0, 2, 1, 1, 0, 0, 0, 0, 0, 0, 0, 0, 0, 0]"
247228,4,0.0,9.12,847.0,376.0,"[0, 0, 1, 1, 1, 1, 1, 1, 1, 1, 1, 1, 1, 1, 1]"
247228,5,0.0,9.26,774.0,476.0,"[0, 0, 3, 1, 1, 1, 1, 1, 1, 1, 0, 0, 0, 0, 0]"
113511,1,1.0,8.84,907.0,856.0,"[0, 3, 0, 0, 0, 0, 0, 0, 0, 0, 0, 0, 0, 0, 0]"
113511,2,0.0,9.43,553.0,622.0,"[0, 0, 0, 0, 2, 0, 0, 0, 0, 0, 0, 0, 0, 0, 0]"
113511,3,0.0,9.38,474.0,550.0,"[0, 0, 0, 0, 0, 0, 1, 0, 0, 0, 0, 0, 0, 0, 0]"
113511,4,0.0,9.26,362.0,538.0,"[0, 0, 1, 0, 0, 0, 0, 0, 0, 0, 0, 0, 0, 0, 0]"
113511,5,0.0,9.19,289.0,310.0,"[0, 0, 0, 1, 0, 0, 0, 0, 0, 0, 0, 0, 0, 0, 0]"
756056,1,1225.0,7.86,1175.0,204.0,"[1748, 1026, 888, 805, 603, 500, 405, 321, 285, 189, 183, 169, 77, 34, 30]"
756056,2,856.0,7.96,895.0,98.0,"[662, 661, 462, 426, 356, 348, 328, 172, 100, 94, 93, 79, 75, 68, 41]"
756056,3,715.0,7.67,856.0,97.0,"[922, 705, 589, 544, 439, 314, 242, 138, 112, 38, 35, 19]"
756056,4,653.0,8.19,752.0,95.0,"[906, 547, 484, 442, 341, 194, 149, 126, 123, 62, 41, 38, 30, 12, 7]"
756056,5,623.0,8.53,746.0,38.0,"[733, 578, 397, 225, 179, 162, 127, 55, 49, 30, 29, 10, 9]"
702608,1,54779.0,9.78,54754.0,6287.0,"[22378, 18848, 16970, 14218, 8878, 7275, 7110, 7065, 6587, 6238, 3885, 496, 348, 81]"
702608,2,41801.0,9.88,40458.0,2694.0,"[61530, 45728, 30690, 24128, 20355, 14531, 10617, 8887, 7242, 6989, 4939, 4712, 4009, 3468, 3027]"
702608,3,40532.0,9.93,39221.0,2464.0,"[47101, 37384, 34936, 24693, 17257, 12826, 12095, 10110, 6623, 6446, 5780, 5261, 4424, 3931, 115]"
702608,4,39194.0,9.94,38676.0,3267.0,"[47737, 44353, 34662, 29606, 22507, 15873, 10100, 8360, 6933, 6007, 4928, 4876, 4304, 517, 138]"
702608,5,37922.0,9.94,36364.0,3450.0,"[35738, 33327, 13618, 10282, 8665, 6977, 4477, 4246, 2667, 2510, 2396, 2238, 1879, 1612, 404]"
53559,1,0.0,8.54,934.0,2197.0,"[0, 0, 0, 2, 0, 0, 2, 0, 0, 0, 0, 0, 0, 1, 0]"
53559,2,1.0,9.28,712.0,1405.0,[8]
53559,3,0.0,8.92,552.0,660.0,"[0, 0, 0, 0, 0, 0, 0, 0, 0, 0, 0, 0, 0, 0, 0]"
53559,4,1.0,9.41,664.0,1450.0,[5]
53559,5,1.0,8.99,442.0,432.0,"[0, 0, 0, 0, 0, 0, 0, 0, 0, 0, 0, 0, 0, 0, 0]"
732224,1,22670.0,9.59,18495.0,1389.0,"[34329, 24113, 17560, 16385, 11349, 10202, 5334, 4526, 3349, 2855, 2288, 2132, 1627, 1546, 24]"
732224,2,17408.0,9.8,13598.0,622.0,"[33725, 14935, 10070, 8469, 6941, 4686, 3397, 3219, 2376, 2256, 1299, 1138, 982, 924, 9]"
732224,3,15413.0,9.78,10756.0,382.0,"[10855, 8761, 7068, 3989, 3089, 2170, 1472, 1284, 1049, 862, 766, 364, 16, 13, 9]"
732224,4,14488.0,9.84,10096.0,530.0,"[26897, 14843, 13437, 9664, 6877, 4347, 4291, 2616, 2131, 2005, 1918, 1514, 927, 884, 17]"
732224,5,13873.0,9.81,9679.0,532.0,"[24227, 18484, 11017, 6301, 3741, 2642, 2492, 1487, 974, 799, 794, 757, 497, 303, 19]"
749632,1,23077.0,9.88,24282.0,3133.0,"[16891, 16111, 7407, 5514, 4825, 3072, 2678, 1797, 1636, 1519, 1433, 1364, 919, 225, 177]"
749632,2,15368.0,9.93,15703.0,1031.0,"[18730, 16847, 14021, 8835, 6840, 5541, 4807, 4636, 3615, 2878, 2194, 2131, 1905, 1601, 1093]"
749632,3,13736.0,9.93,13837.0,1460.0,"[21646, 15352, 9571, 7736, 7179, 5520, 5160, 2862, 1945, 1903, 1636, 1210, 775, 153, 85]"
749632,4,12888.0,9.9,13563.0,973.0,"[30801, 16033, 12406, 10720, 8907, 5882, 4798, 4394, 4382, 2502, 2486, 2154, 2062, 1867, 165]"
749632,5,12379.0,9.93,13259.0,934.0,"[13908, 12633, 9117, 7130, 5149, 4955, 4659, 2379, 2004, 1800, 1777, 1566, 1229, 1022, 73]"
801251,1,158.0,8.94,184.0,63.0,"[34, 22]"
801251,2,120.0,9.13,148.0,53.0,"[26, 13, 12]"
801251,3,110.0,9.13,142.0,49.0,[40]
801251,4,101.0,9.3,133.0,50.0,[52]
801251,5,90.0,9.32,119.0,34.0,"[22, 19, 18]"
822885,1,1689.0,9.74,1739.0,647.0,"[755, 365, 234, 182, 77, 69, 61, 38, 27, 14]"
822885,2,1492.0,9.87,1489.0,181.0,"[598, 191, 126, 114, 74]"
822885,3,1385.0,9.85,1370.0,202.0,"[496, 297, 96, 68, 56, 50]"
822885,4,1294.0,9.86,1251.0,223.0,"[1180, 391, 200, 70]"
822885,5,951.0,9.87,1047.0,176.0,"[482, 184, 126, 39, 35, 17, 16]"
801446,1,5041.0,9.73,5256.0,587.0,"[3856, 3041, 2821, 1700, 1014, 964, 330, 96, 93, 75, 62, 56, 51, 35, 33]"
801446,2,2988.0,8.98,3633.0,403.0,"[3692, 2711, 2251, 1763, 1311, 539, 278, 241, 91, 79, 34, 16, 15, 15, 5]"
801446,3,1968.0,8.54,2529.0,263.0,"[2150, 1426, 872, 788, 729, 358]"
801446,4,1649.0,8.26,1999.0,559.0,"[1913, 1626, 1065, 648, 205, 190, 178, 153, 138, 110, 99, 95, 89, 75, 74]"
801446,5,,,,,[]
797727,1,375.0,8.49,662.0,178.0,"[249, 239, 171, 142, 76, 60, 8]"
797727,2,191.0,8.84,362.0,62.0,"[97, 86, 82]"
797727,3,169.0,8.74,315.0,44.0,"[86, 61, 5]"
797727,4,146.0,9.3,268.0,49.0,"[95, 52, 48, 30, 24, 21, 17]"
797727,5,116.0,9.69,190.0,27.0,"[64, 40, 38, 27, 24, 22, 18]"
713055,1,14732.0,9.69,49644.0,3003.0,"[13692, 9145, 3729, 3507, 2918, 2590, 1954, 1455, 1410, 1051, 1019, 951, 853, 524, 49]"
713055,2,8107.0,5.95,22961.0,4492.0,"[11696, 11122, 10443, 8404, 6643, 5455, 5205, 4417, 3837, 2955, 2801, 2605, 2555, 594, 225]"
713055,3,5351.0,8.94,14835.0,1217.0,"[6002, 5954, 5692, 3091, 2599, 2097, 1912, 1564, 1530, 923, 750, 741, 729, 533, 41]"
713055,4,4199.0,9.38,8632.0,950.0,"[5602, 4022, 3035, 2692, 2506, 2381, 1745, 1731, 1283, 734, 639, 552, 538, 385, 29]"
713055,5,3943.0,9.64,9294.0,620.0,"[3532, 3402, 3007, 1923, 1404, 982, 712, 595, 546, 302, 278, 204, 190, 146, 106]"
626907,1,44197.0,9.42,82011.0,24151.0,"[108021, 74862, 65599, 59139, 52061, 41835, 39239, 27076, 20423, 16578, 16186, 14083, 12408, 11862, 8069]"
626907,2,37260.0,9.58,69760.0,10527.0,"[67088, 52929, 45523, 40279, 29835, 23685, 21436, 17235, 12962, 10266, 7375, 5308, 3575, 3337, 2041]"
626907,3,29597.0,9.63,58862.0,8653.0,"[63975, 40209, 30907, 27947, 22383, 16784, 14128, 10888, 10691, 5070, 4093, 3832, 3571, 2404, 1136]"
626907,4,30700.0,9.76,62772.0,9717.0,"[57981, 38917, 27473, 25086, 23654, 18269, 15970, 10908, 10284, 5136, 3801, 3355, 2745, 1433, 455]"
626907,5,29454.0,9.78,56811.0,16245.0,"[73298, 61840, 38510, 29294, 25732, 25373, 16632, 15314, 12225, 6522, 4292, 4233, 3955, 2779, 125]"
796218,1,28655.0,9.17,29596.0,5541.0,"[39073, 24948, 22050, 17610, 11682, 11143, 9460, 6094, 4922, 4335, 3565, 3290, 2606, 1047, 707]"
796218,2,17403.0,9.15,17086.0,1869.0,"[19083, 11861, 8334, 7694, 5512, 4210, 3024, 2033, 1153, 1032, 817, 733, 664, 338, 267]"
796218,3,15434.0,8.79,17522.0,2029.0,"[21141, 11093, 9987, 8697, 5545, 4836, 3796, 2504, 2415, 2376, 2188, 1882, 1539, 1309, 880]"
796218,4,20097.0,9.79,20410.0,1917.0,"[33748, 30233, 12831, 9865, 8639, 4552, 3909, 3893, 2787, 2510, 2391, 2362, 681, 489]"
796218,5,15127.0,9.73,15281.0,1080.0,"[27075, 12181, 12023, 11424, 7130, 3593, 3403, 1487, 1393, 1340, 1153, 1146, 750, 222, 154]"
775176,1,2280.0,9.64,2452.0,193.0,"[2514, 968, 676, 429, 346, 206, 148, 131, 92, 87, 75, 17, 14, 13, 6]"
775176,2,2210.0,9.61,2871.0,213.0,"[2442, 1409, 556, 481, 429, 365, 103, 92, 45, 18, 10]"
775176,3,1868.0,9.72,1731.0,165.0,"[1147, 856, 721, 590, 352]"
775176,4,1517.0,9.66,1501.0,126.0,"[1016, 561, 95, 38, 27, 23]"
775176,5,1257.0,9.65,1225.0,93.0,"[731, 393, 269]"
809597,1,1219.0,9.47,1400.0,150.0,"[1270, 465, 330, 284, 197, 132, 57, 28, 20]"
809597,2,776.0,9.58,771.0,57.0,"[980, 580, 484, 170, 25]"
809597,3,546.0,9.0,644.0,49.0,"[840, 378, 260, 120, 64, 19]"
809597,4,433.0,9.16,485.0,28.0,"[366, 189, 153, 106, 85, 85, 28, 11]"
809597,5,355.0,9.37,421.0,21.0,"[175, 66, 43, 15]"
773640,1,108.0,8.57,347.0,20.0,"[38, 34, 34, 18, 13, 12]"
773640,2,99.0,7.74,295.0,15.0,"[34, 20, 7]"
773640,3,88.0,8.71,228.0,7.0,"[28, 14]"
773640,4,75.0,8.83,198.0,16.0,"[52, 46, 24, 6]"
773640,5,77.0,9.1,181.0,9.0,"[27, 9]"
824522,1,20.0,8.24,42.0,14.0,"[6, 5]"
824522,2,15.0,9.36,33.0,12.0,"[5, 5]"
824522,3,15.0,9.35,31.0,8.0,"[4, 0, 2, 2, 0, 2]"
824522,4,12.0,9.59,29.0,6.0,"[4, 3, 1, 4, 3]"
824522,5,13.0,9.65,26.0,6.0,"[3, 0, 2, 1, 3]"
595823,1,420.0,9.07,28628.0,9386.0,"[23390, 21454, 17647, 14620, 13917, 13351, 11226, 9556, 6612, 2521, 1850, 1585, 1521, 1305, 27]"
595823,2,242.0,8.83,13556.0,4499.0,"[18471, 12256, 7448, 6258, 5272, 4260, 3616, 2425, 1723, 1685, 367, 312, 248, 226, 225]"
595823,3,183.0,8.78,9862.0,4003.0,"[19946, 11592, 10935, 10164, 7309, 6222, 6004, 4733, 3717, 1030, 923, 616, 547, 435, 31]"
595823,4,157.0,8.95,8015.0,3781.0,"[8505, 7394, 6121, 4350, 3511, 3475, 2849, 2827, 2008, 1928, 421, 372, 325, 305, 283]"
595823,5,163.0,9.23,9172.0,4382.0,"[7253, 4833, 4012, 3740, 3114, 2809, 1763, 1227, 774, 15, 12, 11, 11, 11, 7]"
786979,1,8588.0,7.61,8116.0,3069.0,"[17189, 10930, 9715, 7322, 3080, 2721, 2259, 1914, 1753, 1742, 1108, 948, 788, 764, 655]"
786979,2,4877.0,8.81,3929.0,820.0,"[8098, 5624, 3586, 3457, 2682, 2180, 1819, 1344, 1272, 1128, 795, 637, 484, 431, 234]"
786979,3,4023.0,9.11,3307.0,652.0,"[5681, 4072, 2846, 2231, 1828, 1801, 1595, 1245, 1211, 1035, 1012, 789, 788, 627, 609]"
786979,4,3685.0,9.38,2843.0,640.0,"[4781, 2522, 2365, 2259, 1622, 1221, 1135, 900, 714, 708, 511, 483, 461, 336, 314]"
786979,5,3355.0,9.41,2530.0,482.0,"[2987, 1943, 1810, 1401, 891, 882, 814, 657, 514, 479, 426, 389, 384, 319, 96]"
769317,1,17468.0,9.92,15894.0,1555.0,"[18983, 15721, 10441, 9053, 6118, 4276, 3482, 2280, 1947, 1263, 1033, 880, 764, 759, 548]"
769317,2,15292.0,9.94,13351.0,759.0,"[26466, 12179, 9398, 6942, 5669, 4597, 3755, 2691, 2259, 1159, 997, 715, 670, 429]"
769317,3,14052.0,9.95,12383.0,776.0,"[13015, 6688, 5038, 4145, 3113, 3010, 2334, 2094, 1703, 1258, 1060, 1004, 700, 682, 575]"
769317,4,14169.0,9.95,13001.0,811.0,"[17149, 12233, 9264, 6503, 4550, 2850, 2228, 1584, 1331, 1192, 802, 408, 380, 315, 246]"
769317,5,,,,,[]
801950,1,1672.0,7.72,3704.0,562.0,"[1970, 1435, 1119, 1011, 599, 449, 298, 253, 210, 196, 185, 179, 126, 57, 35]"
801950,2,1192.0,9.07,2015.0,198.0,"[718, 485, 375, 265, 238, 192, 110]"
801950,3,1064.0,9.18,1722.0,189.0,"[620, 509, 320, 248, 171, 131, 101, 74, 73, 64, 52, 47, 41, 38, 34]"
801950,4,961.0,9.44,1445.0,147.0,"[549, 512, 371, 198, 137, 67, 29, 22]"
801950,5,896.0,9.43,1436.0,139.0,"[565, 251, 182, 167, 109, 101, 56, 55, 48]"
812127,1,393.0,8.72,602.0,117.0,"[501, 169, 139, 80, 45, 31, 12]"
812127,2,213.0,9.03,279.0,30.0,"[168, 59, 37, 18]"
812127,3,177.0,9.21,243.0,50.0,"[35, 30, 26, 21, 17, 7]"
812127,4,,,,,[]
812127,5,,,,,[]
786934,1,76.0,8.89,141.0,17.0,"[24, 17]"
786934,2,75.0,9.18,113.0,8.0,[9]
786934,3,72.0,9.28,113.0,11.0,"[12, 5]"
786934,4,61.0,9.23,107.0,7.0,[9]
786934,5,58.0,9.01,99.0,13.0,"[17, 12, 6, 5]"
722382,1,52935.0,8.0,87301.0,19167.0,"[34576, 26454, 25752, 23675, 14632, 11502, 11379, 6196, 5806, 5539, 4549, 206, 179, 111, 70]"
722382,2,,,,,[]
722382,3,,,,,[]
722382,4,,,,,[]
722382,5,,,,,[]
745653,1,12264.0,5.31,28192.0,6430.0,"[37581, 34957, 29589, 21414, 16738, 14977, 14953, 10916, 9703, 9231, 8824, 6791, 69, 35, 30]"
745653,2,9314.0,7.89,12783.0,2040.0,"[29011, 26423, 15173, 11381, 11124, 7786, 5516, 4976, 3685, 3453, 2976, 2693, 1560, 1541, 40]"
745653,3,7947.0,7.75,10056.0,1284.0,"[23426, 16201, 12975, 11562, 8597, 7049, 4096, 2897, 2083, 1891, 1360, 1288, 1111, 637, 22]"
745653,4,7364.0,8.15,9233.0,1147.0,"[18505, 13183, 12569, 8809, 6389, 4572, 4001, 2923, 1867, 1769, 1509, 1389, 1047, 19, 15]"
745653,5,7384.0,8.44,9000.0,1382.0,"[20214, 19159, 8278, 7998, 4546, 3707, 3147, 2315, 1818, 1776, 1512, 1256, 575, 40, 27]"
78805,1,5.0,8.04,1506.0,847.0,"[0, 0, 2, 0, 1, 0, 2, 0, 1, 0, 0, 0, 4, 0, 0]"
78805,2,3.0,8.56,718.0,263.0,"[0, 0, 0, 0, 0, 2, 0, 0, 0, 0, 0, 0, 0, 0, 0]"
78805,3,3.0,8.53,744.0,309.0,"[0, 2, 3, 0, 0, 0, 0, 0, 0, 0, 0, 0, 0, 0, 0]"
78805,4,3.0,8.51,714.0,288.0,"[0, 0, 1, 6, 0, 0, 0, 0, 0, 0, 0, 0, 0, 0, 0]"
78805,5,2.0,8.59,984.0,398.0,"[0, 0, 0, 0, 1, 0, 0, 0, 0, 0, 0, 0, 0, 0, 0]"
801743,1,72.0,9.14,90.0,35.0,"[26, 18, 14]"
801743,2,46.0,8.8,61.0,37.0,[14]
801743,3,29.0,9.02,46.0,30.0,[5]
801743,4,28.0,9.18,44.0,17.0,"[4, 0, 0, 0, 0, 0, 0, 0, 0, 0, 0, 0, 0, 1, 0]"
801743,5,25.0,8.85,39.0,16.0,"[0, 0, 1, 0, 0, 0, 0, 0, 0, 0, 0, 0, 0, 0, 3]"
789988,1,445.0,8.85,520.0,52.0,"[119, 91, 52, 44, 36]"
789988,2,306.0,9.16,403.0,26.0,"[75, 36]"
789988,3,278.0,9.35,350.0,21.0,"[82, 41, 19]"
789988,4,280.0,9.27,364.0,30.0,[75]
789988,5,267.0,8.98,368.0,38.0,"[144, 65, 60]"
833876,1,46.0,9.34,44.0,16.0,"[1, 1, 1, 0, 3, 1, 0, 0, 1, 0, 0, 0, 2, 3, 1]"
833876,2,24.0,9.36,28.0,3.0,"[0, 0, 0]"
833876,3,19.0,9.25,24.0,10.0,"[0, 0, 1, 1, 0, 2, 1]"
833876,4,16.0,9.25,24.0,5.0,"[0, 1, 0, 1, 1]"
833876,5,15.0,9.55,20.0,1.0,[0]
377688,1,1.0,8.74,2081.0,1034.0,"[0, 1, 1, 0, 2, 0, 0, 0, 0, 1, 0, 0, 0, 0, 0]"
377688,2,1.0,9.01,1357.0,372.0,"[0, 1, 0, 0, 0, 0, 0, 0, 1, 0, 0, 0, 0, 0, 0]"
377688,3,1.0,8.96,1132.0,511.0,"[1, 0, 0, 0, 2, 0, 0, 0, 0, 0, 0, 0, 1, 0, 0]"
377688,4,1.0,9.24,816.0,314.0,"[1, 1, 2, 1, 2, 2, 1, 2, 1, 1, 1, 1, 0, 0, 0]"
377688,5,1.0,9.0,805.0,257.0,"[2, 1, 1, 1, 1, 1, 1, 1, 1, 1, 1, 1, 1, 1, 0]"
26101,1,18.0,8.92,443.0,5034.0,"[0, 0, 0, 0, 0, 0, 0, 0, 0, 1, 0, 0, 1, 0, 1]"
26101,2,14.0,9.42,372.0,3420.0,"[1, 1, 0, 0, 0, 1, 0, 0, 0, 0, 5, 1, 8, 3, 1]"
26101,3,19.0,9.79,409.0,3303.0,[8]
26101,4,19.0,9.47,312.0,2487.0,"[0, 0, 0, 0, 0, 3, 4, 2, 1, 2, 0, 3, 2, 4, 0]"
26101,5,16.0,9.55,351.0,2635.0,"[2, 1, 0, 4, 0, 0, 0, 6, 1, 0, 0, 0, 0, 0, 3]"
264168,1,0.0,9.44,1067.0,1654.0,"[0, 0, 0, 0, 0, 0, 1, 0, 0, 0, 0, 0, 0, 0, 1]"
264168,2,1.0,9.69,948.0,953.0,"[0, 1, 0, 0, 0, 1, 0, 1, 0, 0, 0, 0, 2, 0, 0]"
264168,3,0.0,7.25,582.0,549.0,"[0, 0, 0, 1, 0, 0, 0, 0, 0, 0, 0, 0, 0, 0, 0]"
264168,4,0.0,8.42,289.0,252.0,"[0, 0, 0, 0, 1, 0, 0, 0, 0, 0, 0, 1, 0, 0, 0]"
264168,5,0.0,9.44,309.0,270.0,"[0, 1, 0, 0, 0, 2, 0, 0, 0, 0, 0, 0, 0, 0, 0]"
802865,1,3905.0,9.8,5781.0,472.0,"[2869, 2053, 1036, 635, 490, 339, 193, 13]"
802865,2,3069.0,9.78,3573.0,307.0,"[1141, 699, 601]"
802865,3,2282.0,9.7,2776.0,210.0,"[1472, 759, 336, 322, 204, 199]"
802865,4,1799.0,9.04,2450.0,145.0,"[434, 391, 47, 14, 11, 5, 5, 5]"
802865,5,1583.0,8.74,2408.0,192.0,"[415, 347, 333, 114, 74, 67, 51, 39, 37, 35, 31, 22]"
103759,1,5837.0,9.86,23390.0,4438.0,"[6434, 5407, 4693, 2996, 2401, 2176, 1697, 1419, 1285, 1248, 942, 799, 662, 531, 383]"
103759,2,6676.0,9.85,25857.0,4447.0,"[6464, 6167, 4697, 3281, 1043, 876, 785, 637, 550, 413, 371, 349, 91, 91, 39]"
103759,3,6028.0,9.71,25887.0,6913.0,"[20926, 8002, 6372, 5978, 3702, 2226, 2124, 1984, 1835, 1499, 1332, 1321, 1141, 787, 528]"
103759,4,5434.0,9.86,23704.0,3631.0,"[9623, 5374, 4686, 3897, 2667, 2458, 1795, 1251, 923, 815, 726, 617, 533, 496, 361]"
103759,5,5486.0,9.83,23079.0,2537.0,"[6138, 5276, 4011, 3229, 2356, 2075, 1717, 1319, 1119, 764, 559, 471, 306, 237, 38]"
26411,1,2.0,9.02,256.0,2057.0,"[0, 0, 0, 0, 0, 0, 0, 0, 0, 0, 1, 0, 3, 1, 6]"
26411,2,3.0,9.08,246.0,2795.0,"[1, 0, 3, 0, 2, 1, 5, 0, 1, 1, 9, 2, 1, 1, 1]"
26411,3,1.0,9.18,152.0,1078.0,"[0, 0, 0, 0, 1, 0, 2, 3, 0, 1, 4, 0, 0, 3, 5]"
26411,4,0.0,9.18,159.0,960.0,"[0, 1, 0, 0, 0, 0, 0, 0, 0, 1, 0, 0, 0, 1, 0]"
26411,5,0.0,8.56,134.0,800.0,"[0, 0, 0, 0, 0, 0, 0, 0, 0, 1, 1, 1, 1, 1, 1]"
804994,1,290.0,9.14,395.0,62.0,"[143, 99, 65, 58, 37, 28, 25, 25, 22, 9, 9, 7, 5]"
804994,2,180.0,8.75,300.0,31.0,"[85, 84, 22, 17, 8, 7]"
804994,3,167.0,8.29,315.0,39.0,"[150, 142, 93, 63, 44, 27, 6]"
804994,4,145.0,8.74,202.0,17.0,"[20, 12]"
804994,5,111.0,8.4,172.0,34.0,"[100, 70, 31, 30, 15]"
753381,1,223.0,8.44,506.0,60.0,"[69, 56, 34, 17]"
753381,2,120.0,8.81,245.0,22.0,"[27, 17]"
753381,3,102.0,9.03,229.0,28.0,"[52, 26, 21]"
753381,4,97.0,8.92,195.0,13.0,[18]
753381,5,92.0,8.93,174.0,9.0,"[9, 7]"
56440,1,3.0,7.67,2890.0,2834.0,"[0, 0, 0, 0, 0, 1, 0, 0, 0, 1, 0, 0, 0, 0]"
56440,2,5.0,8.45,2158.0,1803.0,"[0, 0, 0, 0, 0, 0, 0, 0, 1, 1, 10, 0, 0, 3, 0]"
56440,3,5.0,9.09,1572.0,4171.0,"[0, 0, 0, 1, 2, 1, 0, 0, 2, 0, 7, 14, 4, 1, 3]"
56440,4,4.0,8.89,1427.0,2455.0,"[0, 0, 0, 1, 2, 19, 11, 6, 0, 0, 1, 0, 1, 0, 0]"
56440,5,6.0,9.2,1813.0,2373.0,"[0, 0, 2, 8, 3, 3, 6, 2, 2, 13, 8, 3, 9, 5, 2]"
784886,1,3365.0,9.59,3493.0,349.0,"[1782, 1670, 870, 657, 567, 400, 305, 153, 148, 107, 96, 41, 25, 22, 9]"
784886,2,2722.0,9.72,2717.0,148.0,"[2715, 1550, 1494, 1155, 1112, 570, 234, 234, 163, 19, 17]"
784886,3,2445.0,9.42,2602.0,331.0,"[3907, 1344, 849, 606, 450, 367, 359, 218, 217, 161, 119, 70, 67, 67, 17]"
784886,4,2065.0,9.72,1904.0,141.0,"[3413, 2555, 1411, 1299, 747, 339, 152, 103, 51, 40, 12]"
784886,5,1667.0,9.8,1591.0,114.0,"[2435, 2267, 1659, 892, 859, 504, 360, 131, 101, 60, 50, 31, 19]"
791266,1,191.0,8.15,243.0,21.0,[37]
791266,2,134.0,8.66,160.0,16.0,"[70, 18]"
791266,3,115.0,9.23,105.0,9.0,"[9, 6]"
791266,4,96.0,8.97,101.0,10.0,"[26, 10]"
791266,5,107.0,9.37,99.0,9.0,[10]
455923,1,6.0,8.67,2013.0,852.0,[29]
455923,2,8.0,8.03,1543.0,470.0,"[28, 16]"
455923,3,9.0,9.0,1238.0,415.0,"[43, 10]"
455923,4,10.0,9.2,1144.0,369.0,"[34, 18, 10, 8]"
455923,5,6.0,8.92,835.0,211.0,"[18, 13, 8]"
773523,1,5017.0,9.54,5713.0,1513.0,"[8016, 4593, 3580, 2745, 2469, 1221, 893, 804, 765, 719, 693, 591, 452, 307, 300]"
773523,2,3598.0,9.83,4178.0,655.0,"[6330, 4687, 2411, 1565, 1185, 802, 756, 676, 553, 449, 350, 315, 314]"
773523,3,3064.0,9.8,3450.0,376.0,"[7133, 2838, 1857, 1433, 703, 585, 367, 247, 61, 47]"
773523,4,,,,,[]
773523,5,,,,,[]
748416,1,1692.0,9.32,1304.0,95.0,"[1445, 1402, 1340, 878, 451, 449, 325, 294, 225, 128, 92, 61, 36, 26, 26]"
748416,2,1104.0,9.54,844.0,37.0,"[681, 525, 281, 178, 113, 48, 36]"
748416,3,968.0,9.5,716.0,68.0,"[1111, 1021, 646, 543, 304, 175, 153, 145, 17]"
748416,4,833.0,9.37,617.0,19.0,"[889, 723, 268, 224, 213, 92, 26]"
748416,5,793.0,9.11,608.0,51.0,"[1129, 790, 702, 667, 338, 304, 298, 139, 110, 102, 97, 57, 51, 37, 32]"
784842,1,1285.0,9.15,1082.0,186.0,"[929, 441, 132, 96, 25, 17]"
784842,2,1014.0,9.39,869.0,124.0,"[472, 346]"
784842,3,922.0,9.39,824.0,115.0,"[696, 386, 246]"
784842,4,834.0,9.55,713.0,70.0,"[341, 60, 15, 14, 6]"
784842,5,679.0,9.7,621.0,83.0,"[288, 278, 140]"
818351,1,817.0,8.22,911.0,165.0,"[428, 367, 352, 313, 251, 224, 191, 132, 129, 128, 99, 91, 85, 71, 48]"
818351,2,397.0,8.77,458.0,39.0,"[244, 131, 113, 75, 45, 38, 34, 27, 27, 20, 15, 10]"
818351,3,280.0,8.91,386.0,31.0,"[108, 72, 51, 50, 50, 32, 24, 20, 6]"
818351,4,239.0,8.93,304.0,18.0,"[77, 62, 48, 37, 24, 8]"
818351,5,201.0,9.04,274.0,14.0,"[70, 35, 27]"
792277,1,2891.0,9.76,3255.0,482.0,"[1595, 570, 479, 275, 187, 182, 164, 106, 42, 41, 32]"
792277,2,2099.0,9.56,2336.0,140.0,"[831, 428, 287, 149, 123]"
792277,3,1639.0,9.54,1932.0,131.0,"[825, 514, 411, 289, 208, 116, 50, 33]"
792277,4,1407.0,9.07,1716.0,138.0,"[704, 586, 463, 344, 260, 168]"
792277,5,1204.0,8.17,1610.0,266.0,"[1185, 632, 624, 521, 314, 261, 141, 136, 112, 100, 88, 70, 67, 43, 38]"
602921,1,13891.0,9.89,79467.0,16158.0,"[80211, 51617, 41306, 25534, 16960, 15974, 15065, 14458, 13213, 11516, 5007, 3481, 2969, 2240, 2186]"
602921,2,10371.0,9.9,61255.0,8800.0,"[39018, 30695, 27894, 19139, 15815, 13577, 12957, 12066, 10319, 8052, 3154, 2006, 1797, 1552, 95]"
602921,3,8783.0,9.9,49504.0,7660.0,"[34318, 24323, 19407, 15032, 9337, 7886, 5849, 5355, 4558, 1631, 728, 632, 598, 565, 356]"
602921,4,8842.0,9.93,49195.0,8860.0,"[46473, 42774, 21623, 19948, 17196, 14186, 10815, 6885, 2513, 1640, 1103, 628, 575, 195, 130]"
602921,5,7775.0,9.94,44457.0,16652.0,"[29043, 19273, 16417, 14880, 13067, 11921, 5107, 4581, 2459, 2338, 829, 499, 468, 164, 141]"
775725,1,6121.0,5.89,13681.0,3496.0,"[14314, 11245, 8085, 5127, 4657, 4106, 3299, 2201, 1967, 1806, 1109, 644, 597, 550, 539]"
775725,2,4565.0,8.6,8795.0,741.0,"[8364, 6634, 5873, 4230, 2431, 1636, 1404, 891, 873, 818, 815, 805, 567, 328, 291]"
775725,3,3499.0,7.89,4495.0,523.0,"[10459, 3736, 2750, 1817, 1494, 1034, 943, 839, 787, 777, 774, 744, 535, 267, 249]"
775725,4,3307.0,8.68,4180.0,462.0,"[7108, 4148, 2904, 2730, 2108, 986, 969, 772, 752, 519, 463, 394, 390, 382, 280]"
775725,5,3010.0,8.88,3759.0,312.0,"[5605, 984, 742, 731, 461, 450, 334, 320, 316, 268, 261, 230, 124, 74, 58]"
22073,1,22.0,8.96,297.0,921.0,"[29, 5]"
22073,2,19.0,8.97,261.0,553.0,"[0, 2, 2, 4, 0, 1, 5, 0, 1, 0, 6, 8, 1, 2, 2]"
22073,3,19.0,9.12,226.0,486.0,"[1, 2, 1, 1, 0, 1, 1, 1, 1, 1, 0, 0, 2, 1, 20]"
22073,4,12.0,9.04,228.0,367.0,"[0, 1, 4, 2, 0, 1, 5, 1, 0, 0, 0, 0, 0, 1, 2]"
22073,5,13.0,9.0,217.0,398.0,"[5, 2, 1, 0, 0, 1, 2, 1, 6, 0, 1, 0, 0, 0, 0]"
758663,1,9064.0,6.64,18855.0,4808.0,"[22406, 16364, 15160, 13007, 10024, 7317, 5954, 5235, 4882, 4363, 3524, 2841, 1608, 239, 118]"
758663,2,5742.0,7.95,9311.0,1599.0,"[7634, 5578, 4686, 2926, 2482, 1863, 1558, 1484, 1466, 1295, 1030, 975, 925, 53, 25]"
758663,3,4917.0,7.82,9893.0,1982.0,"[8687, 5960, 3222, 2565, 2152, 1738, 907, 832, 796, 655, 506, 19, 19, 18, 16]"
758663,4,4151.0,8.47,5479.0,713.0,"[3182, 2295, 2151, 1907, 1571, 1429, 922, 759, 698, 695, 65, 49, 34]"
758663,5,4148.0,8.74,5648.0,1121.0,"[7359, 6001, 5187, 3475, 3358, 2162, 1998, 1296, 1156, 1141, 1082, 925, 778, 737, 690]"
837446,1,13.0,9.14,21.0,4.0,"[0, 0, 0, 0]"
837446,2,8.0,9.5,18.0,2.0,"[0, 1]"
837446,3,6.0,8.8,15.0,2.0,"[0, 0]"
837446,4,5.0,9.4,15.0,1.0,[0]
837446,5,5.0,9.36,14.0,1.0,[0]
783256,1,14268.0,9.58,13216.0,1061.0,"[7830, 7437, 2954, 1570, 984, 574, 516, 262, 250, 237, 157, 112, 83, 11, 8]"
783256,2,11385.0,9.6,9791.0,908.0,"[8813, 5405, 4525, 3460, 1655, 869, 756, 598, 408, 324, 312, 266, 263, 67, 10]"
783256,3,9780.0,9.28,8962.0,616.0,"[5926, 4498, 3527, 1992, 1232, 671, 507, 428, 340, 294, 132]"
783256,4,9876.0,9.68,8501.0,968.0,"[15345, 8186, 5687, 3444, 1972, 1336, 776, 626, 617, 383, 363, 261, 29]"
783256,5,8788.0,9.18,8146.0,742.0,"[10117, 5356, 5322, 2950, 2350, 1050, 852, 538, 489, 412, 274, 131, 82, 58]"
759894,1,3284.0,9.02,7001.0,1419.0,"[3648, 2948, 2349, 2044, 1342, 753, 698, 550, 486, 464, 417, 385, 210, 10]"
759894,2,1914.0,9.08,2216.0,331.0,"[1889, 1537, 1241, 1211, 565, 438, 271, 268, 205, 175, 128, 97, 87, 13, 8]"
759894,3,1610.0,8.78,2437.0,272.0,"[1362, 880, 492, 450, 237, 198, 181, 152, 100, 41, 37, 9]"
759894,4,1485.0,8.86,2385.0,297.0,"[1192, 1001, 895, 552, 551, 387, 257, 238, 216, 146, 127, 117, 106, 88, 10]"
759894,5,1289.0,8.83,1572.0,182.0,"[1538, 1272, 858, 581, 381, 237, 148, 117, 59, 54]"
748414,1,189.0,6.93,426.0,98.0,"[165, 126, 80, 69, 57, 45, 41, 39, 25, 20, 15, 9]"
748414,2,118.0,7.93,368.0,40.0,"[10, 7]"
748414,3,105.0,7.83,295.0,31.0,"[65, 37, 32]"
748414,4,,,,,[]
748414,5,,,,,[]
137710,1,4.0,9.08,1470.0,1927.0,"[0, 1, 4, 3, 2, 0, 0, 1, 1, 2, 1, 1, 3, 1, 1]"
137710,2,3.0,8.06,2091.0,2376.0,"[0, 0, 0, 1, 1, 0, 14, 0, 0, 0, 4, 4, 4, 4, 4]"
137710,3,3.0,8.5,1249.0,1363.0,"[1, 2, 2, 2, 2, 2, 3, 2, 1, 2, 1, 1, 1, 1, 1]"
137710,4,3.0,8.62,1088.0,1128.0,"[1, 1, 1, 0, 2, 0, 0, 0, 8, 0, 1, 0, 0, 0, 0]"
137710,5,3.0,8.54,992.0,663.0,"[0, 0, 0, 0, 0, 0, 0, 0, 0, 4, 0, 0, 0, 0, 1]"
791619,1,124.0,8.23,197.0,34.0,"[55, 30, 14, 13]"
791619,2,66.0,8.46,111.0,13.0,"[15, 8, 5]"
791619,3,52.0,8.02,84.0,4.0,[20]
791619,4,36.0,8.08,61.0,3.0,[5]
791619,5,37.0,8.47,59.0,4.0,[10]
704595,1,22790.0,9.76,38375.0,8944.0,"[38230, 29862, 25443, 16663, 13302, 11916, 11490, 9554, 8067, 6703, 6592, 5066, 4177, 3967, 225]"
704595,2,16837.0,9.85,30025.0,2844.0,"[38750, 27312, 21267, 18214, 13843, 9448, 7648, 6771, 6094, 5101, 5099, 4241, 4111, 3638, 1897]"
704595,3,12651.0,9.88,21744.0,1648.0,"[21188, 15939, 14115, 9989, 8261, 6613, 6401, 4247, 3373, 2970, 2697, 2687, 2155, 1751, 1565]"
704595,4,11159.0,9.69,19754.0,1700.0,"[24645, 16796, 13104, 12875, 8142, 6229, 6045, 4695, 4469, 4170, 3919, 3059, 2867, 2378, 818]"
704595,5,12262.0,9.84,22419.0,2289.0,"[31648, 20137, 14292, 12046, 11093, 7407, 6206, 5647, 5052, 4060, 3051, 2660, 2370, 1995, 1394]"
784816,1,1159.0,8.62,1154.0,264.0,"[1354, 572, 388, 275, 252, 163, 134, 96, 59, 51, 48, 36, 27, 19]"
784816,2,794.0,9.16,778.0,112.0,"[310, 277, 144, 67, 63, 49, 38, 35, 28]"
784816,3,673.0,8.88,685.0,161.0,"[350, 259, 226, 146, 120, 71, 70, 61, 50, 45, 41, 35, 32, 26, 21]"
784816,4,561.0,8.99,483.0,112.0,"[478, 347, 154, 130, 83, 45]"
784816,5,401.0,9.42,353.0,40.0,"[163, 51, 14, 13]"
753386,1,933.0,5.5,1781.0,162.0,"[934, 813, 793, 607, 494, 384, 311, 278, 231, 206, 194, 180, 178, 131, 116]"
753386,2,663.0,7.26,982.0,63.0,"[169, 120, 96, 84, 72, 61, 57, 34, 24, 9, 7]"
753386,3,502.0,8.12,738.0,43.0,"[233, 127, 81, 55, 18, 15]"
753386,4,546.0,8.67,833.0,66.0,"[205, 106, 29, 5]"
753386,5,424.0,8.7,732.0,39.0,"[245, 173, 78, 49, 35, 18, 17]"
736227,1,6879.0,5.43,20123.0,5494.0,"[13778, 12423, 9152, 9121, 7682, 6861, 6445, 4366, 4172, 3992, 3423, 2954, 1853, 85, 50]"
736227,2,5708.0,8.8,8978.0,1440.0,"[7927, 5846, 3178, 2874, 2767, 1581, 1497, 1037, 910, 778, 668, 647, 577, 505, 20]"
736227,3,5123.0,9.4,5576.0,852.0,"[5836, 4682, 4145, 1838, 1733, 1235, 892, 830, 826, 705, 628, 622, 550, 177, 14]"
736227,4,4917.0,9.63,4862.0,450.0,"[7121, 5116, 3060, 2063, 1420, 1273, 770, 600, 538, 482, 441, 414, 352, 30, 22]"
736227,5,4617.0,9.64,4432.0,447.0,"[7545, 3574, 2681, 2067, 1908, 1558, 741, 655, 621, 495, 442, 296, 258, 250, 231]"
665618,1,21653.0,9.52,49154.0,10751.0,"[53992, 40423, 30623, 26965, 25166, 12784, 11491, 9544, 7414, 7225, 6041, 4882, 4422, 4396, 155]"
665618,2,14687.0,9.71,34666.0,3656.0,"[28551, 24495, 23818, 12807, 9588, 8870, 5452, 3295, 2998, 2467, 2206, 2047, 1831, 356, 116]"
665618,3,,,,,[]
665618,4,,,,,[]
665618,5,,,,,[]
756053,1,600.0,4.99,1155.0,482.0,"[1208, 1171, 1083, 908, 803, 524, 453, 408, 366, 234, 172, 164, 157, 131, 57]"
756053,2,397.0,6.96,454.0,87.0,"[426, 340, 304, 206, 147, 146, 127, 113, 95, 65, 62, 52, 50, 39, 19]"
756053,3,327.0,7.78,347.0,57.0,"[347, 239, 205, 163, 95]"
756053,4,300.0,8.15,331.0,63.0,"[243, 176, 94, 93, 73, 70, 49, 34, 32]"
756053,5,308.0,8.07,311.0,42.0,"[312, 137, 112, 70, 15]"
537001,1,2942.0,9.37,67956.0,25954.0,"[3560, 2974, 2450, 1441, 1129, 790, 386, 213, 125, 101, 90, 45, 44, 36, 34]"
537001,2,2527.0,8.63,66677.0,15350.0,"[1927, 1705, 1291, 1095, 663, 280, 128, 25]"
537001,3,2166.0,8.06,66602.0,16750.0,"[3649, 2581, 1798, 600, 174, 142, 115, 54, 51, 28, 24, 16, 15, 13, 13]"
537001,4,2238.0,8.77,52248.0,10618.0,"[2696, 2303, 1910, 1184, 1043, 829, 549, 548, 49, 38, 32, 30, 29, 24, 20]"
537001,5,2603.0,8.58,56509.0,21136.0,"[6196, 4129, 3618, 3081, 1658, 1053, 742, 421]"
799480,1,,,,,[]
799480,2,,,,,[]
799480,3,,,,,[]
799480,4,,,,,[]
799480,5,,,,,[]
812383,1,462.0,8.82,472.0,69.0,"[327, 273, 225, 157, 97, 68, 48, 35, 23]"
812383,2,392.0,8.99,427.0,41.0,"[210, 71, 39, 6]"
812383,3,337.0,9.1,313.0,50.0,"[114, 83]"
812383,4,291.0,9.03,298.0,63.0,"[161, 96]"
812383,5,242.0,9.21,230.0,52.0,"[117, 101, 83, 61]"
70920,1,6.0,8.75,870.0,871.0,"[0, 3, 0, 1, 0, 0, 0, 3, 1, 0, 0, 2, 0, 0, 0]"
70920,2,3.0,8.61,704.0,571.0,"[0, 0, 1, 3, 1, 2, 3, 1, 5, 1, 2, 1, 1, 8, 2]"
70920,3,3.0,8.53,519.0,528.0,"[1, 1, 0, 3, 6, 1, 1, 1, 1, 2, 1, 2, 1, 2, 1]"
70920,4,3.0,8.0,604.0,545.0,"[0, 2, 3, 1, 0, 12, 2, 1, 1, 3, 0, 1, 1, 2, 1]"
70920,5,3.0,8.08,674.0,444.0,"[2, 1, 0, 1, 7, 0, 1, 0, 0, 0, 0, 0, 0, 0, 0]"
434644,1,2074.0,9.04,24831.0,13699.0,"[3311, 2459, 1053, 940, 908, 778, 755, 612, 605, 587, 550, 178, 151, 62, 52]"
434644,2,1300.0,8.99,23010.0,11392.0,"[1751, 710, 530, 443, 433, 324, 198, 169, 14, 11, 8, 8, 7, 7, 6]"
434644,3,791.0,8.14,22583.0,11286.0,"[1739, 1081, 667, 603, 351]"
434644,4,769.0,7.81,25807.0,15150.0,"[676, 633, 427, 269, 14, 14, 11, 7, 7, 7, 7, 7]"
434644,5,685.0,7.85,23849.0,13723.0,"[929, 458, 374, 208, 161, 84, 15, 14, 11, 8, 7]"
761553,1,3358.0,9.35,4160.0,550.0,"[4087, 2798, 2231, 1209, 1043, 580, 492, 403, 240, 112, 27]"
761553,2,2406.0,9.52,3109.0,223.0,"[1280, 1147, 1041, 555, 431, 415, 366, 320, 198, 193, 125, 121, 61, 42, 7]"
761553,3,1934.0,7.13,3278.0,522.0,"[3088, 2456, 1501, 1305, 1253, 1156, 775, 503, 365, 281, 160, 110, 89, 34, 5]"
761553,4,1527.0,8.48,2163.0,187.0,"[1687, 927, 862, 431, 317, 195, 88, 20]"
761553,5,1343.0,7.82,1933.0,210.0,"[1841, 1431, 876, 536, 308, 144, 109, 91, 56]"
808073,1,624.0,7.72,782.0,166.0,"[749, 566, 363, 333, 294, 245, 207, 168, 165, 121, 76, 75, 63]"
808073,2,528.0,8.54,580.0,47.0,"[232, 153, 51, 22, 8]"
808073,3,469.0,8.64,433.0,35.0,"[228, 125, 68, 59, 53, 34, 18, 14]"
808073,4,416.0,8.88,447.0,34.0,"[272, 115, 51, 47]"
808073,5,462.0,9.24,381.0,26.0,"[367, 229, 147, 110, 89, 59, 37, 24, 19]"
813334,1,1312.0,8.48,1130.0,197.0,"[2360, 1633, 890, 573, 374, 187, 155, 149, 131, 95, 81, 78, 64, 58, 57]"
813334,2,720.0,8.89,635.0,89.0,"[1218, 779, 550, 547, 83, 30]"
813334,3,565.0,8.93,503.0,68.0,"[781, 307, 266, 217, 138, 72, 13]"
813334,4,453.0,9.13,433.0,72.0,"[679, 332, 315, 204, 142, 108]"
813334,5,426.0,8.71,410.0,68.0,"[551, 403, 310, 188, 30, 16, 9]"
670143,1,,,,,[]
670143,2,,,,,[]
670143,3,,,,,[]
670143,4,,,,,[]
670143,5,,,,,[]
96385,1,0.0,8.65,965.0,932.0,"[4, 1, 2, 3, 1, 1, 1, 1, 1, 1, 1, 1, 1, 1, 1]"
96385,2,0.0,8.31,407.0,253.0,"[0, 0, 0, 0, 0, 1, 0, 0, 0, 0, 0, 0, 0, 0, 0]"
96385,3,0.0,8.77,408.0,286.0,"[1, 1, 1, 0, 0, 0, 0, 0, 0, 0, 0, 0, 0, 0, 0]"
96385,4,0.0,8.53,231.0,214.0,"[0, 0, 0, 0, 0, 1, 0, 0, 0, 0, 0, 0, 0, 0, 0]"
96385,5,0.0,8.96,255.0,160.0,"[0, 0, 1, 0, 0, 0, 0, 0, 0, 0, 0, 0, 0, 0, 0]"
604146,1,1950.0,8.33,33493.0,17242.0,"[36662, 29269, 28336, 24690, 14192, 11935, 8777, 4197, 2651, 2609, 2181, 1445, 1441, 47, 38]"
604146,2,1132.0,8.66,19521.0,8725.0,"[12944, 9963, 8422, 7063, 5108, 3691, 3166, 2917, 698, 421, 342, 35, 24, 13, 10]"
604146,3,996.0,8.66,15696.0,6335.0,"[11813, 9245, 8048, 5859, 5726, 3802, 3337, 3301, 3295, 1949, 434, 328, 325, 314, 290]"
604146,4,959.0,9.01,14201.0,8009.0,"[8712, 4389, 1955, 1766, 1681, 1571, 20, 18, 15, 15, 14, 14, 9, 8, 8]"
604146,5,922.0,8.73,13355.0,5705.0,"[13676, 10233, 7991, 6773, 6521, 4783, 3711, 2931, 802, 660, 335, 277, 231, 110, 77]"
833168,1,32.0,8.82,61.0,10.0,"[0, 0, 1, 0, 4, 0, 2, 0, 1, 0]"
833168,2,24.0,8.5,48.0,5.0,"[0, 2, 3, 1]"
833168,3,23.0,9.08,39.0,2.0,"[0, 2]"
833168,4,21.0,8.82,38.0,3.0,"[0, 0, 3]"
833168,5,19.0,9.16,32.0,0.0,[]
801014,1,84.0,7.54,127.0,60.0,"[82, 63, 10, 6]"
801014,2,56.0,8.5,88.0,32.0,"[10, 10]"
801014,3,46.0,8.63,63.0,28.0,"[0, 0, 2, 2, 2, 0, 0, 1, 1, 1, 0, 1, 1, 1, 1]"
801014,4,39.0,8.82,61.0,22.0,"[0, 3, 1, 0, 1, 2, 1, 2, 1, 1, 1, 1, 2, 2, 2]"
801014,5,32.0,8.6,55.0,16.0,"[9, 7]"
750573,1,2958.0,5.37,5159.0,1891.0,"[7683, 5078, 4850, 4731, 3961, 2999, 2973, 2417, 1925, 1641, 1532, 1372, 1098, 848, 124]"
750573,2,2070.0,6.42,2456.0,622.0,"[3601, 2653, 2179, 1857, 1525, 916, 709, 699, 686, 58, 54, 21, 18, 18, 14]"
750573,3,1838.0,5.88,2152.0,1191.0,"[3845, 2438, 2181, 1994, 1883, 1880, 1313, 1236, 1169, 584, 530, 529, 436, 343, 12]"
750573,4,1510.0,6.55,1657.0,385.0,"[1934, 1584, 1162, 1008, 952, 823, 711, 508, 499, 415, 360, 339, 260, 26]"
750573,5,1528.0,6.74,1752.0,411.0,"[2855, 2069, 1574, 1253, 1176, 933, 859, 786, 644, 523, 443, 379, 48, 35]"
763308,1,25437.0,9.85,19625.0,1270.0,"[24856, 15738, 11056, 5078, 4556, 3512, 2036, 1893, 1512, 1345, 1014, 790, 586, 94, 17]"
763308,2,23423.0,9.88,17620.0,973.0,"[37490, 22442, 13683, 12531, 11741, 8869, 4273, 3307, 3160, 1781, 1744, 1581, 1012, 468, 187]"
763308,3,21649.0,9.9,16463.0,972.0,"[28360, 19784, 16752, 6270, 4246, 3666, 2823, 1899, 1865, 1542, 1426, 1274, 991, 801, 21]"
763308,4,20524.0,9.72,18125.0,1040.0,"[35079, 29594, 19928, 15558, 10605, 5855, 3306, 2080, 1969, 1778, 1645, 1476, 1022, 952]"
763308,5,19949.0,9.83,14440.0,1061.0,"[33821, 27535, 20928, 19491, 7792, 5487, 4880, 4632, 4287, 2683, 2015, 1385, 1112, 1057, 946]"
723007,1,7935.0,9.55,10305.0,2042.0,"[10511, 8002, 7519, 4697, 3789, 3425, 1835, 1612, 1332, 974, 963, 947, 764, 91, 89]"
723007,2,,,,,[]
723007,3,,,,,[]
723007,4,,,,,[]
723007,5,,,,,[]
790880,1,1360.0,9.53,1091.0,250.0,"[352, 137, 104]"
790880,2,1126.0,9.59,912.0,107.0,"[502, 104, 53]"
790880,3,989.0,9.48,860.0,113.0,"[329, 141, 122, 94, 32, 9]"
790880,4,947.0,9.54,756.0,89.0,"[358, 296, 184, 105, 40, 33, 23]"
790880,5,658.0,8.42,714.0,127.0,"[503, 273, 173, 80, 51, 28]"
786978,1,14185.0,6.81,14490.0,2877.0,"[16048, 11079, 6415, 5329, 4948, 3867, 2924, 2656, 2452, 1627, 1536, 1176, 447, 267, 260]"
786978,2,11898.0,7.65,11669.0,2130.0,"[7600, 3918, 3449, 2919, 1800, 1353, 1228, 860, 816, 502, 475, 397, 358, 294, 254]"
786978,3,6601.0,8.5,7898.0,974.0,"[2661, 2073, 1937, 1372, 1094, 978, 753, 735, 623, 579, 501, 436, 394, 248, 229]"
786978,4,4980.0,8.6,5685.0,616.0,"[2698, 1608, 1553, 1107, 951, 540, 529, 376, 368, 320, 304, 268, 263, 254, 214]"
786978,5,5803.0,8.92,5338.0,1186.0,"[3164, 2252, 1765, 1328, 1226, 1112, 1026, 844, 820, 796, 745, 724, 709, 689, 462]"
801740,1,174.0,8.2,256.0,95.0,"[273, 101, 79, 43, 40, 36, 29, 15, 13]"
801740,2,106.0,8.46,148.0,73.0,"[88, 53, 52, 43, 18, 17, 12]"
801740,3,83.0,8.39,121.0,77.0,"[34, 19, 17, 13, 10]"
801740,4,65.0,8.77,101.0,46.0,"[40, 23, 10, 5]"
801740,5,56.0,8.45,87.0,34.0,"[32, 15, 12]"
822578,1,774.0,7.18,1039.0,312.0,"[1123, 924, 850, 844, 730, 566, 513, 320, 290, 230, 224, 211, 165, 137, 130]"
822578,2,487.0,7.83,527.0,448.0,"[1086, 529, 459, 402, 312, 264, 168, 126, 118, 115, 106, 86, 48, 20, 8]"
822578,3,438.0,8.51,512.0,103.0,"[1159, 1033, 528, 299, 258, 224, 95, 74, 70, 58, 55, 50, 37, 35, 31]"
822578,4,391.0,8.59,435.0,48.0,"[843, 409, 400, 220, 136]"
822578,5,343.0,8.71,411.0,55.0,"[903, 292, 193, 142, 119, 99, 74, 45, 40, 29, 24, 20, 10, 9]"
350217,1,6016.0,9.85,19445.0,12337.0,"[11539, 8276, 7735, 4481, 2443, 2315, 1871, 1392, 1063, 951, 899, 869, 843, 76, 73]"
350217,2,5366.0,9.68,17406.0,10992.0,"[23134, 16276, 10060, 8378, 6745, 5587, 4745, 3607, 2627, 2418, 2301, 1885, 1411, 872, 42]"
350217,3,5579.0,9.85,16781.0,9525.0,"[11448, 8011, 7875, 6980, 3407, 3097, 3056, 1703, 1497, 1318, 1117, 847, 817, 686, 601]"
350217,4,4350.0,9.84,14795.0,9785.0,"[9356, 5431, 4651, 3540, 3147, 2205, 2142, 1611, 1305, 1164, 964, 943, 547, 400, 71]"
350217,5,6142.0,9.84,24920.0,51379.0,"[9260, 7916, 7542, 3322, 2907, 2299, 1728, 1157, 1093, 809, 711, 704, 596, 521, 70]"
74753,1,0.0,8.58,3258.0,5110.0,"[0, 0, 0, 0, 3, 0, 0, 2, 2, 2, 1, 1, 1, 1, 1]"
74753,2,0.0,8.1,3153.0,4320.0,"[0, 0, 1, 0, 1, 0, 0, 3, 3, 1, 0, 0, 0, 7, 0]"
74753,3,0.0,8.27,2248.0,3314.0,"[0, 0, 2, 0, 0, 0, 0, 0, 0, 9, 0, 6, 1, 0, 0]"
74753,4,0.0,8.08,2191.0,6549.0,"[0, 0, 0, 0, 0, 0, 0, 0, 0, 1, 0, 0, 1, 0, 0]"
74753,5,0.0,9.02,2154.0,4033.0,"[0, 0, 0, 0, 2, 0, 0, 0, 0, 3, 0, 0, 1, 3, 3]"
636350,1,5460.0,6.63,33515.0,4509.0,"[51372, 24126, 18464, 14498, 13941, 12369, 10297, 9570, 8731, 6630, 3778, 3127, 3012, 1787, 31]"
636350,2,4031.0,7.37,21885.0,2279.0,"[16082, 12079, 12052, 8114, 6078, 5872, 4912, 4273, 3870, 1440, 909, 806, 578, 16, 12]"
636350,3,3434.0,8.14,17572.0,1391.0,"[8424, 6217, 5375, 4697, 3171, 2854, 2067, 1767, 1292, 1005, 265, 147, 7, 5, 5]"
636350,4,3633.0,8.9,21813.0,1474.0,"[9549, 8989, 7099, 4902, 4352, 3796, 3629, 3001, 2460, 2042, 725, 663, 564, 510, 478]"
636350,5,3240.0,9.16,15182.0,1254.0,"[10495, 8283, 4221, 3424, 2689, 2055, 1904, 1277, 1176, 478, 265, 189, 97, 88, 8]"
821807,1,552.0,8.54,599.0,49.0,"[208, 184]"
821807,2,327.0,8.81,345.0,19.0,"[72, 38, 29, 23, 18, 15, 13, 7]"
821807,3,272.0,9.02,291.0,22.0,"[265, 122, 46]"
821807,4,238.0,8.66,269.0,24.0,"[274, 190, 67, 6]"
821807,5,207.0,9.02,223.0,16.0,"[117, 58, 38, 30]"
807436,1,2753.0,9.66,2439.0,205.0,"[1895, 1532, 438, 405, 312, 221, 204, 170, 152, 103, 89, 69, 57, 50, 42]"
807436,2,2235.0,9.74,2169.0,78.0,"[1752, 1100, 604, 498, 352, 308, 132, 121, 93, 79]"
807436,3,2038.0,9.7,1948.0,88.0,"[2079, 1442, 736, 386, 245, 218, 132, 67, 59, 5]"
807436,4,1984.0,9.8,1816.0,143.0,"[3171, 1292, 872, 514, 265, 102, 35, 12]"
807436,5,1426.0,9.72,1375.0,106.0,"[1710, 818, 766, 466, 292, 196, 59, 55]"
794458,1,1966.0,9.05,2248.0,260.0,"[2168, 1431, 897, 749, 634, 521, 263, 133, 98, 89, 84, 69, 29, 22, 7]"
794458,2,1213.0,9.21,1377.0,113.0,"[1470, 1163, 740, 524, 392, 244, 131, 122, 108, 98, 72, 68, 64, 40, 11]"
794458,3,975.0,8.94,1152.0,96.0,"[1802, 533, 358, 225, 155, 146, 104, 84, 53, 44, 35, 29, 15, 8, 7]"
794458,4,878.0,7.63,1326.0,207.0,"[1549, 1160, 735, 561, 361, 222, 196, 105, 97, 94, 73, 68, 59, 43, 18]"
794458,5,796.0,6.81,1344.0,186.0,"[1493, 780, 735, 550, 401, 172, 136, 118, 113, 87, 78, 78, 53, 50, 17]"
552960,1,13528.0,9.76,64962.0,31139.0,"[28369, 20689, 18736, 13256, 8241, 7010, 6623, 3273, 2303, 1801, 1706, 1625, 1299, 247, 91]"
552960,2,9372.0,9.78,48506.0,9779.0,"[28935, 20681, 16487, 13235, 9851, 6377, 6369, 5420, 4520, 3837, 678, 626, 612, 290, 251]"
552960,3,8413.0,9.75,45319.0,7839.0,"[35001, 28257, 21093, 17479, 14583, 11254, 7719, 6873, 4848, 4846, 1292, 1135, 823, 577, 47]"
552960,4,8421.0,9.82,42952.0,8809.0,"[24002, 16632, 10363, 5799, 3844, 3735, 3111, 2821, 2224, 608, 447, 416, 133, 113, 51]"
552960,5,8379.0,9.87,43334.0,12292.0,"[33570, 31742, 24119, 22530, 19275, 13336, 9630, 2971, 2688, 1790, 1356, 930, 819, 372, 258]"
736875,1,5368.0,9.58,6225.0,799.0,"[5461, 4663, 4417, 3690, 1929, 1469, 1110, 1047, 682, 615, 490, 384, 317, 307, 257]"
736875,2,3502.0,9.65,3673.0,311.0,"[4844, 3910, 2285, 2260, 2195, 1150, 1050, 943, 748, 631, 610, 609, 460, 409, 309]"
736875,3,2684.0,9.39,2683.0,409.0,"[3031, 2463, 1798, 1559, 924, 745, 577, 529, 421, 418, 403, 320, 296, 287, 194]"
736875,4,1177.0,8.3,1051.0,243.0,"[1333, 1147, 662, 472, 384, 241, 189, 131, 93, 69, 61, 34, 11]"
736875,5,980.0,8.49,1047.0,169.0,"[1078, 837, 686, 338, 317, 307, 222, 210, 110, 108, 45, 36, 30]"
758670,1,3983.0,8.93,5812.0,522.0,"[5213, 3475, 3296, 1950, 1737, 1711, 1327, 1277, 1255, 837, 742, 715, 240, 32, 30]"
758670,2,3063.0,9.57,3534.0,248.0,"[8197, 7499, 4669, 4058, 3086, 2195, 1616, 1573, 1493, 1400, 886, 865, 627, 455, 15]"
758670,3,2671.0,9.65,3017.0,123.0,"[4409, 3194, 2120, 2027, 1711, 793, 551, 404, 293, 275, 254, 189, 121, 61, 10]"
758670,4,2536.0,9.64,2875.0,136.0,"[7460, 5411, 3883, 2541, 2119, 1363, 850, 575, 545, 425, 368, 239, 231, 208, 16]"
758670,5,2297.0,8.93,2787.0,263.0,"[6193, 5391, 2462, 2351, 2220, 1817, 1519, 1057, 882, 788, 602, 482, 381, 306, 45]"
721456,1,6492.0,7.97,8796.0,553.0,"[5921, 5901, 3861, 3534, 3139, 2797, 2306, 1884, 1593, 1067, 886, 752, 644, 27, 21]"
721456,2,5504.0,6.05,11470.0,934.0,"[15082, 11085, 8290, 5844, 5703, 4714, 3991, 3482, 2901, 2165, 1705, 1695, 1560, 1043, 28]"
721456,3,4728.0,6.9,8386.0,684.0,"[8658, 6157, 3851, 2166, 2079, 1217, 1188, 1187, 1038, 942, 266, 48, 37, 23, 13]"
721456,4,,,,,[]
721456,5,,,,,[]
702674,1,22724.0,8.11,42362.0,5933.0,"[32786, 21733, 19316, 14857, 13538, 7745, 7314, 5535, 4722, 3906, 3216, 2947, 2728, 2482, 2158]"
702674,2,16509.0,6.95,32709.0,7338.0,"[27995, 20221, 19072, 8045, 7386, 5529, 4383, 4340, 3145, 2875, 2156, 2030, 156, 129, 105]"
702674,3,14757.0,8.06,22995.0,2866.0,"[21100, 18397, 14150, 9371, 6118, 5902, 4557, 3556, 2780, 2274, 1828, 1722, 1623, 1500, 201]"
702674,4,14055.0,8.8,17862.0,1704.0,"[21848, 19617, 15531, 14989, 6833, 6706, 3883, 3707, 3578, 2118, 1978, 1616, 1532, 1450, 68]"
702674,5,14770.0,8.93,19363.0,2359.0,"[19362, 17942, 14977, 11121, 7813, 5661, 5447, 4169, 3134, 2951, 2520, 2175, 2161, 1533, 127]"
